{
    "rouge-1": {
        "r": 0.42488425437912203,
        "p": 0.32241463603398973,
        "f": 0.3562170891168359
    },
    "rouge-2": {
        "r": 0.30599223727962477,
        "p": 0.23219833481211033,
        "f": 0.25554757546259793
    },
    "rouge-l": {
        "r": 0.3700568756606509,
        "p": 0.28329654361872325,
        "f": 0.3120737324624362
    }
}