Sigma,rouge-1-r,rouge-1-p,rouge-1-f,rouge-2-r,rouge-2-p,rouge-2-f,rouge-l-r,rouge-l-p,rouge-l-f
10.0,0.32779942395247375,0.2845065805019607,0.2958237843839554,0.19975318756040644,0.17868654604295525,0.18256137007240958,0.26887770355510776,0.236357400169911,0.24441134361954997
