Sigma,rouge-1-r,rouge-1-p,rouge-1-f,rouge-2-r,rouge-2-p,rouge-2-f,rouge-l-r,rouge-l-p,rouge-l-f
10.0,0.443514970603652,0.4359553330083496,0.42476978559427025,0.2951135144107832,0.31077315207276524,0.2911239336688451,0.3794491082657378,0.3790795906596212,0.36701060380415423
