{
    "rouge-1": {
        "r": 0.6129781615702934,
        "p": 0.3854194529322138,
        "f": 0.4466788639671103
    },
    "rouge-2": {
        "r": 0.5274945853550438,
        "p": 0.32942541060214525,
        "f": 0.3794296874709294
    },
    "rouge-l": {
        "r": 0.585964059660159,
        "p": 0.371231703474812,
        "f": 0.4290299325839893
    }
}