{
    "rouge-1": {
        "r": 0.5922137151129817,
        "p": 0.4445661050355641,
        "f": 0.48024035663029235
    },
    "rouge-2": {
        "r": 0.5146063472148041,
        "p": 0.36554032105404966,
        "f": 0.4008362187825062
    },
    "rouge-l": {
        "r": 0.5684281450385574,
        "p": 0.4277229524095255,
        "f": 0.46136737778691866
    }
}