{"rouge-1": {"r": 0.5685658266474682, "p": 0.4507173577107626, "f": 0.4881267919198265}, "rouge-2": {"r": 0.4748643659611993, "p": 0.3779347736774203, "f": 0.40705285433034993}, "rouge-l": {"r": 0.5380503736008198, "p": 0.42922433819595096, "f": 0.46363483996652766}}