{
    "rouge-1": {
        "r": 0.4185078845505251,
        "p": 0.31951621840470745,
        "f": 0.35230288334695653
    },
    "rouge-2": {
        "r": 0.2983671216959206,
        "p": 0.22816694625139522,
        "f": 0.2504992339328715
    },
    "rouge-l": {
        "r": 0.3661838488014649,
        "p": 0.2812837780908315,
        "f": 0.3095923970878539
    }
}