{
    "rouge-1": {
        "r": 0.7463374733117097,
        "p": 0.3543250771044351,
        "f": 0.4555535521493217
    },
    "rouge-2": {
        "r": 0.659547230166576,
        "p": 0.2988576807511396,
        "f": 0.3867812706238571
    },
    "rouge-l": {
        "r": 0.7147994729504827,
        "p": 0.34122682477797894,
        "f": 0.43794457908704143
    }
}