{
    "rouge-1": {
        "r": 0.4329445075466951,
        "p": 0.23822925979554196,
        "f": 0.2889810149874846
    },
    "rouge-2": {
        "r": 0.29157298261065884,
        "p": 0.1569061418087036,
        "f": 0.1895898720715231
    },
    "rouge-l": {
        "r": 0.37227861721323263,
        "p": 0.20695284427999175,
        "f": 0.24971828563185067
    }
}