{
    "rouge-1": {
        "r": 0.6388147671640856,
        "p": 0.46975602995496996,
        "f": 0.5146533291244626
    },
    "rouge-2": {
        "r": 0.5678410175712374,
        "p": 0.3906373346039123,
        "f": 0.4369485668778047
    },
    "rouge-l": {
        "r": 0.6179653163278113,
        "p": 0.4552379917124382,
        "f": 0.49830272895020883
    }
}