{
    "rouge-1": {
        "r": 0.666405395738842,
        "p": 0.43143327226701333,
        "f": 0.4944619644897633
    },
    "rouge-2": {
        "r": 0.5822447579196974,
        "p": 0.372072836325282,
        "f": 0.4246029894314757
    },
    "rouge-l": {
        "r": 0.6397251509184744,
        "p": 0.4167673896989884,
        "f": 0.47649225475952295
    }
}