{
    "rouge-1": {
        "r": 0.7038258820581802,
        "p": 0.39567229115748065,
        "f": 0.479297761567202
    },
    "rouge-2": {
        "r": 0.6182256700772438,
        "p": 0.33781406639639006,
        "f": 0.40978134774674896
    },
    "rouge-l": {
        "r": 0.6748238098961421,
        "p": 0.3815080531033002,
        "f": 0.46124096943912324
    }
}