{
    "rouge-1": {
        "r": 0.5727355175072312,
        "p": 0.452151129140704,
        "f": 0.49050807127154383
    },
    "rouge-2": {
        "r": 0.4790052740734225,
        "p": 0.380198030282472,
        "f": 0.40998658288397893
    },
    "rouge-l": {
        "r": 0.5423289655550119,
        "p": 0.43079426976479956,
        "f": 0.46612920770209687
    }
}