{
    "rouge-1": {
        "r": 0.5625171912374805,
        "p": 0.4457882647857632,
        "f": 0.48264311450642894
    },
    "rouge-2": {
        "r": 0.46813015959694304,
        "p": 0.3730581080474431,
        "f": 0.40130549624590306
    },
    "rouge-l": {
        "r": 0.5341543095336008,
        "p": 0.425657182504023,
        "f": 0.4598494734631005
    }
}